image,nom,prenom,email,genre,telephone,action,id_promotion,referenciel,mot_de_passe,role
img1.png,test,test,test@test.com,F,123456789,0,1,dev_web,test,admin
img2.png,Dubois,Pierre,pierre.dubois@example.com,M,987654321,1,2,data,mdp_pierre,admin
img3.png,Tremblay,Sophie,sophie.tremblay@example.com,F,555555555,0,3,ref_dig,mdp_sophie,apprenant
img4.png,Smith,John,john.smith@example.com,M,111222333,0,4,aws,mdp_john,apprenant
img5.png,Potter,Hermione,hermione.potter@example.com,F,444555666,1,5,hackeuse,mdp_hermione,admin
img6.png,Granger,Ron,ron.granger@example.com,M,777888999,0,6,dev_web,mdp_ron,apprenant
img7.png,Weasley,Ginny,ginny.weasley@example.com,F,999000111,0,1,data,mdp_ginny,apprenant
img8.png,Malfoy,Draco,draco.malfoy@example.com,M,222333444,1,2,ref_dig,mdp_draco,admin
img9.png,Hagrid,Rubeus,rubeus.hagrid@example.com,M,666777888,0,3,aws,mdp_hagrid,apprenant
img10.png,Snape,Severus,severus.snape@example.com,M,888999000,1,4,hackeuse,mdp_severus,admin
img11.png,Lupin,Remus,remus.lupin@example.com,M,333444555,0,5,dev_web,mdp_remus,apprenant
img12.png,Lovegood,Luna,luna.lovegood@example.com,F,555666777,1,6,data,mdp_luna,admin
img13.png,Fleur,Delacour,fleur.delacour@example.com,F,999111222,0,1,ref_dig,mdp_fleur,apprenant
img14.png,Krum,Viktor,viktor.krum@example.com,M,333444555,0,2,aws,mdp_viktor,apprenant
img15.png,Diggory,Cedric,cedric.diggory@example.com,M,777888999,1,3,hackeuse,mdp_cedric,admin
img16.png,Patil,Parvati,parvati.patil@example.com,F,111222333,0,4,dev_web,mdp_parvati,apprenant
img17.png,Patil,Padma,padma.patil@example.com,F,444555666,0,5,data,mdp_padma,apprenant
img18.png,Longbottom,Neville,neville.longbottom@example.com,M,222333444,1,1,ref_dig,mdp_neville,admin
img19.png,Granger,Hugo,hugo.granger@example.com,M,555666777,0,2,aws,mdp_hugo,apprenant
img20.png,Weasley,Fred,fred.weasley@example.com,M,888999000,1,3,hackeuse,mdp_fred,admin
img21.png,Weasley,George,george.weasley@example.com,M,333444555,0,4,dev_web,mdp_george,apprenant
img22.png,Lovegood,Xenophilius,xenophilius.lovegood@example.com,M,777888999,0,5,data,mdp_xenophilius,apprenant
img23.png,Black,Sirius,sirius.black@example.com,M,999111222,1,6,ref_dig,mdp_sirius,admin
img24.png,Black,Bellatrix,bellatrix.black@example.com,F,333444555,0,1,aws,mdp_bellatrix,apprenant
img25.png,Potter,James,james.potter@example.com,M,777888999,0,2,hackeuse,mdp_james,apprenant
img26.png,Granger,Hermione,hermione.granger@example.com,F,111222333,1,3,dev_web,mdp_hermione2,admin
img27.png,Weasley,Molly,molly.weasley@example.com,F,444555666,0,4,data,mdp_molly,apprenant
img28.png,Weasley,Ron,ron.weasley@example.com,M,222333444,0,5,ref_dig,mdp_ron2,apprenant
img29.png,Lovegood,Lorcan,lorcan.lovegood@example.com,M,555666777,1,6,aws,mdp_lorcan,admin
img30.png,Malfoy,Astoria,astoria.malfoy@example.com,F,888999000,0,1,hackeuse,mdp_astoria,apprenant
img31.png,Flitwick,Filius,filius.flitwick@example.com,M,333444555,0,2,dev_web,mdp_filius,admin
img32.png,Snape,Eileen,eileen.snape@example.com,F,777888999,1,3,data,mdp_eileen,apprenant
img33.png,Hagrid,Grawp,grawp.hagrid@example.com,M,999111222,0,4,ref_dig,mdp_grawp,apprenant
img34.png,Riddle,Tom,tom.riddle@example.com,M,333444555,1,5,aws,mdp_tom,admin
img35.png,Granger,Rose,rose.granger@example.com,F,777888999,0,6,hackeuse,mdp_rose,apprenant
img36.png,Weasley,Hermione,hermione.weasley@example.com,F,111222333,0,1,dev_web,mdp_hermione3,admin
img37.png,Weasley,Ginny,ginny.weasley@example.com,F,444555666,1,2,data,mdp_ginny2,admin
img38.png,Granger,Ron,ron.granger@example.com,M,222333444,0,3,ref_dig,mdp_ron3,apprenant
img39.png,Weasley,Arthur,arthur.weasley@example.com,M,555666777,0,4,aws,mdp_arthur,apprenant
img40.png,Potter,Harry,harry.potter@example.com,M,888999000,1,5,hackeuse,mdp_harry,admin
img41.png,Snape,Severus,severus.snape@example.com,M,333444555,0,6,dev_web,mdp_severus2,apprenant
img42.png,Lupin,Remus,remus.lupin@example.com,M,555666777,1,1,data,mdp_remus2,admin
img43.png,Lovegood,Luna,luna.lovegood@example.com,F,999111222,0,2,ref_dig,mdp_luna2,apprenant
img44.png,Fleur,Delacour,fleur.delacour@example.com,F,333444555,0,3,aws,mdp_fleur2,apprenant
img45.png,Krum,Viktor,viktor.krum@example.com,M,777888999,1,4,hackeuse,mdp_viktor2,admin
img46.png,Diggory,Cedric,cedric.diggory@example.com,M,111222333,0,5,dev_web,mdp_cedric2,apprenant
img47.png,Patil,Parvati,parvati.patil@example.com,F,444555666,0,6,data,mdp_parvati2,apprenant
img48.png,Patil,Padma,padma.patil@example.com,F,888999000,1,1,ref_dig,mdp_padma2,admin
img49.png,Longbottom,Neville,neville.longbottom@example.com,M,333444555,0,2,aws,mdp_neville2,apprenant
img50.png,Granger,Hugo,hugo.granger@example.com,M,555666777,0,3,hackeuse,mdp_hugo2,apprenant
img51.png,Weasley,Fred,fred.weasley@example.com,M,777888999,1,4,dev_web,mdp_fred2,admin
img52.png,Weasley,George,george.weasley@example.com,M,999111222,0,5,data,mdp_george2,apprenant
img53.png,Lovegood,Xenophilius,xenophilius.lovegood@example.com,M,333444555,0,6,ref_dig,mdp_xenophilius2,apprenant
img54.png,Black,Sirius,sirius.black@example.com,M,777888999,1,1,aws,mdp_sirius2,admin
img55.png,Black,Bellatrix,bellatrix.black@example.com,F,111222333,0,2,hackeuse,mdp_bellatrix2,apprenant
img56.png,Potter,James,james.potter@example.com,M,444555666,0,3,dev_web,mdp_james2,apprenant
img57.png,Granger,Hermione,hermione.granger@example.com,F,888999000,1,4,data,mdp_hermione4,admin
img58.png,Weasley,Molly,molly.weasley@example.com,F,333444555,0,5,ref_dig,mdp_molly2,apprenant
img59.png,Weasley,Ron,ron.weasley@example.com,M,555666777,0,6,aws,mdp_ron4,apprenant
img60.png,Lovegood,Lorcan,lorcan.lovegood@example.com,M,777888999,1,1,hackeuse,mdp_lorcan2,admin
img61.png,Malfoy,Astoria,astoria.malfoy@example.com,F,999111222,0,2,dev_web,mdp_astoria2,apprenant
img62.png,Flitwick,Filius,filius.flitwick@example.com,M,333444555,0,3,data,mdp_filius2,apprenant
img63.png,Snape,Eileen,eileen.snape@example.com,F,777888999,1,4,ref_dig,mdp_eileen2,admin
img64.png,Hagrid,Grawp,grawp.hagrid@example.com,M,111222333,0,5,aws,mdp_grawp2,apprenant
img65.png,Riddle,Tom,tom.riddle@example.com,M,444555666,0,6,hackeuse,mdp_tom2,apprenant
img66.png,Granger,Rose,rose.granger@example.com,F,888999000,1,1,dev_web,mdp_rose2,admin
img67.png,Weasley,Hermione,hermione.weasley@example.com,F,333444555,0,2,data,mdp_hermione5,apprenant
img68.png,Weasley,Ginny,ginny.weasley@example.com,F,555666777,0,3,ref_dig,mdp_ginny3,apprenant
img69.png,Granger,Ron,ron.granger@example.com,M,777888999,1,4,aws,mdp_ron5,admin
img70.png,Weasley,Arthur,arthur.weasley@example.com,M,999111222,0,5,hackeuse,mdp_arthur2,apprenant
img71.png,Potter,Harry,harry.potter@example.com,M,111222333,0,6,dev_web,mdp_harry2,apprenant
img72.png,Snape,Severus,severus.snape@example.com,M,444555666,1,1,data,mdp_severus3,admin
img73.png,Lupin,Remus,remus.lupin@example.com,M,777888999,0,2,ref_dig,mdp_remus3,apprenant
img74.png,Lovegood,Luna,luna.lovegood@example.com,F,888999000,0,3,aws,mdp_luna3,apprenant
img75.png,Fleur,Delacour,fleur.delacour@example.com,F,333444555,1,4,hackeuse,mdp_fleur3,admin
img76.png,Krum,Viktor,viktor.krum@example.com,M,555666777,0,5,dev_web,mdp_viktor3,apprenant
img77.png,Diggory,Cedric,cedric.diggory@example.com,M,777888999,0,6,data,mdp_cedric3,apprenant
img78.png,Patil,Parvati,parvati.patil@example.com,F,111222333,1,1,ref_dig,mdp_parvati3,admin
img79.png,Patil,Padma,padma.patil@example.com,F,444555666,0,2,aws,mdp_padma3,apprenant
img80.png,Longbottom,Neville,neville.longbottom@example.com,M,888999000,1,3,hackeuse,mdp_neville3,admin
img81.png,Granger,Hugo,hugo.granger@example.com,M,333444555,0,4,dev_web,mdp_hugo3,apprenant
img82.png,Weasley,Fred,fred.weasley@example.com,M,555666777,0,5,data,mdp_fred3,apprenant
img83.png,Weasley,George,george.weasley@example.com,M,777888999,1,6,ref_dig,mdp_george3,admin
img84.png,Lovegood,Xenophilius,xenophilius.lovegood@example.com,M,888999000,0,1,aws,mdp_xenophilius3,apprenant
img85.png,Black,Sirius,sirius.black@example.com,M,333444555,0,2,hackeuse,mdp_sirius3,apprenant
img86.png,Black,Bellatrix,bellatrix.black@example.com,F,777888999,1,3,dev_web,mdp_bellatrix3,admin
img87.png,Potter,James,james.potter@example.com,M,111222333,0,4,data,mdp_james3,apprenant
img88.png,Granger,Hermione,hermione.granger@example.com,F,444555666,0,5,ref_dig,mdp_hermione6,apprenant
img89.png,Weasley,Molly,molly.weasley@example.com,F,888999000,1,6,aws,mdp_molly3,admin
img90.png,Weasley,Ron,ron.weasley@example.com,M,333444555,0,1,hackeuse,mdp_ron6,apprenant
img91.png,Lovegood,Lorcan,lorcan.lovegood@example.com,M,555666777,0,2,dev_web,mdp_lorcan3,apprenant
img92.png,Malfoy,Astoria,astoria.malfoy@example.com,F,777888999,1,3,data,mdp_astoria3,admin
img93.png,Flitwick,Filius,filius.flitwick@example.com,M,999111222,0,4,ref_dig,mdp_filius3,apprenant
img94.png,Snape,Eileen,eileen.snape@example.com,F,333444555,0,5,aws,mdp_eileen3,apprenant
img95.png,Hagrid,Grawp,grawp.hagrid@example.com,M,888999000,1,6,hackeuse,mdp_grawp3,admin
img96.png,Riddle,Tom,tom.riddle@example.com,M,111222333,0,1,dev_web,mdp_tom3,apprenant
img97.png,Granger,Rose,rose.granger@example.com,F,444555666,0,2,data,mdp_rose3,apprenant
img98.png,Weasley,Hermione,hermione.weasley@example.com,F,777888999,1,3,ref_dig,mdp_hermione7,admin
img99.png,Weasley,Ginny,ginny.weasley@example.com,F,999111222,0,4,aws,mdp_ginny4,apprenant
img100.png,Granger,Ron,ron.granger@example.com,M,333444555,1,5,hackeuse,mdp_ron7,admin
